assignment_id,course_id,cohort_id,instructor_id,start_date,end_date
ASG-0001,CRS-01,C1,INS-08,02/01/2023,30/06/2023
ASG-0002,CRS-01,C2,INS-04,08/01/2024,26/07/2024
ASG-0003,CRS-02,C2,INS-03,08/01/2024,26/07/2024
ASG-0004,CRS-04,C2,INS-09,08/01/2024,26/07/2024
ASG-0005,CRS-05,C2,INS-06,08/01/2024,26/07/2024
ASG-0006,CRS-01,C3,INS-07,08/07/2024,20/12/2024
ASG-0007,CRS-02,C3,INS-10,08/07/2024,20/12/2024
ASG-0008,CRS-04,C3,INS-05,08/07/2024,28/09/2024
ASG-0009,CRS-04,C3,INS-01,29/09/2024,20/12/2024
ASG-0010,CRS-05,C3,INS-02,08/07/2024,20/12/2024
ASG-0011,CRS-01,C4,INS-08,06/01/2025,22/08/2025
ASG-0012,CRS-02,C4,INS-04,06/01/2025,30/04/2025
ASG-0013,CRS-02,C4,INS-03,01/05/2025,22/08/2025
ASG-0014,CRS-04,C4,INS-09,06/01/2025,22/08/2025
ASG-0015,CRS-06,C4,INS-06,06/01/2025,22/08/2025
ASG-0016,CRS-01,C5,INS-07,08/09/2025,06/03/2026
ASG-0017,CRS-02,C5,INS-10,08/09/2025,06/03/2026
ASG-0018,CRS-04,C5,INS-05,08/09/2025,06/03/2026
ASG-0019,CRS-06,C5,INS-01,08/09/2025,06/03/2026
ASG-0020,CRS-01,C6,INS-02,13/04/2026,18/12/2026
ASG-0021,CRS-03,C6,INS-08,13/04/2026,18/12/2026
ASG-0022,CRS-07,C6,INS-04,13/04/2026,15/08/2026
ASG-0023,CRS-07,C6,INS-03,16/08/2026,18/12/2026
ASG-0024,CRS-08,C6,INS-09,13/04/2026,18/12/2026
ASG-0025,CRS-09,C6,INS-06,13/04/2026,18/12/2026
